web-scraper-order,web-scraper-start-url,answers,pagination,pagination-href,clues
"1616687234-173322","https://www.xwordinfo.com/Crossword?date=03/24/2021","","","","They can blow a lot of hot air :"
"1616687234-173177","https://www.xwordinfo.com/Crossword?date=03/24/2021","null","","",""
"1616687240-173509","https://www.xwordinfo.com/Crossword?date=03/24/2021","null","Next puzzle","https://www.xwordinfo.com/Crossword?date=3/25/2021",""
"1616687240-173459","https://www.xwordinfo.com/Crossword?date=03/24/2021","null","Next puzzle","https://www.xwordinfo.com/Crossword?date=3/25/2021",""
"1616687234-173258","https://www.xwordinfo.com/Crossword?date=03/24/2021","","","","null"
"1616687240-173385","https://www.xwordinfo.com/Crossword?date=03/24/2021",": ISUREAM","Next puzzle","https://www.xwordinfo.com/Crossword?date=3/25/2021",""
"1616687234-173351","https://www.xwordinfo.com/Crossword?date=03/24/2021","","","","null"
"1616687234-173080","https://www.xwordinfo.com/Crossword?date=03/24/2021","null","","",""
"1616687234-173260","https://www.xwordinfo.com/Crossword?date=03/24/2021","","","","null"
"1616687234-173179","https://www.xwordinfo.com/Crossword?date=03/24/2021","null","","",""
"1616687240-173538","https://www.xwordinfo.com/Crossword?date=03/24/2021","","Next puzzle","https://www.xwordinfo.com/Crossword?date=3/25/2021","null"
"1616687234-173230","https://www.xwordinfo.com/Crossword?date=03/24/2021","","","","null"
"1616687234-173357","https://www.xwordinfo.com/Crossword?date=03/24/2021","","","","null"
"1616687240-173393","https://www.xwordinfo.com/Crossword?date=03/24/2021",": KEITEL","Next puzzle","https://www.xwordinfo.com/Crossword?date=3/25/2021",""
"1616687234-173174","https://www.xwordinfo.com/Crossword?date=03/24/2021",": NOLO","","",""
"1616687234-173078","https://www.xwordinfo.com/Crossword?date=03/24/2021","null","","",""
"1616687240-173653","https://www.xwordinfo.com/Crossword?date=03/24/2021","","Next puzzle","https://www.xwordinfo.com/Crossword?date=3/25/2021","null"
"1616687234-173221","https://www.xwordinfo.com/Crossword?date=03/24/2021","","","","Catch :"
"1616687234-173303","https://www.xwordinfo.com/Crossword?date=03/24/2021","","","","null"
"1616687234-173134","https://www.xwordinfo.com/Crossword?date=03/24/2021","null","","",""
"1616687234-173109","https://www.xwordinfo.com/Crossword?date=03/24/2021",": WHOWOREITBETTER","","",""
"1616687240-173401","https://www.xwordinfo.com/Crossword?date=03/24/2021",": GRAINY","Next puzzle","https://www.xwordinfo.com/Crossword?date=3/25/2021",""
"1616687234-173308","https://www.xwordinfo.com/Crossword?date=03/24/2021","","","","Spinning :"
"1616687234-173255","https://www.xwordinfo.com/Crossword?date=03/24/2021","","","","Question asked regarding two red-carpet photos of those named in the starred clues? :"
"1616687240-173564","https://www.xwordinfo.com/Crossword?date=03/24/2021","","Next puzzle","https://www.xwordinfo.com/Crossword?date=3/25/2021","null"
"1616687240-173658","https://www.xwordinfo.com/Crossword?date=03/24/2021","","Next puzzle","https://www.xwordinfo.com/Crossword?date=3/25/2021","One role for Harriet Tubman in the Civil War :"
"1616687234-173216","https://www.xwordinfo.com/Crossword?date=03/24/2021",": PTSD","","",""
"1616687234-173183","https://www.xwordinfo.com/Crossword?date=03/24/2021","null","","",""
"1616687240-173553","https://www.xwordinfo.com/Crossword?date=03/24/2021","","Next puzzle","https://www.xwordinfo.com/Crossword?date=3/25/2021","Opposite of [circled letters] :"
"1616687234-173196","https://www.xwordinfo.com/Crossword?date=03/24/2021",": EDAM","","",""
"1616687240-173369","https://www.xwordinfo.com/Crossword?date=03/24/2021",": YALU","Next puzzle","https://www.xwordinfo.com/Crossword?date=3/25/2021",""
"1616687240-173434","https://www.xwordinfo.com/Crossword?date=03/24/2021","null","Next puzzle","https://www.xwordinfo.com/Crossword?date=3/25/2021",""
"1616687240-173407","https://www.xwordinfo.com/Crossword?date=03/24/2021",": PRURIENT","Next puzzle","https://www.xwordinfo.com/Crossword?date=3/25/2021",""
"1616687234-173081","https://www.xwordinfo.com/Crossword?date=03/24/2021",": ALL","","",""
"1616687234-173162","https://www.xwordinfo.com/Crossword?date=03/24/2021",": AREEL","","",""
"1616687234-173338","https://www.xwordinfo.com/Crossword?date=03/24/2021","","","","Body of water in northern Russia :"
"1616687234-173143","https://www.xwordinfo.com/Crossword?date=03/24/2021",": TED","","",""
"1616687234-173356","https://www.xwordinfo.com/Crossword?date=03/24/2021","","","","""Rolling in the Deep"" hitmaker :"
"1616687240-173654","https://www.xwordinfo.com/Crossword?date=03/24/2021","","Next puzzle","https://www.xwordinfo.com/Crossword?date=3/25/2021","Happy states :"
"1616687234-173340","https://www.xwordinfo.com/Crossword?date=03/24/2021","","","","Like tightrope walkers and household budgets, ideally :"
"1616687240-173409","https://www.xwordinfo.com/Crossword?date=03/24/2021",": TIL","Next puzzle","https://www.xwordinfo.com/Crossword?date=3/25/2021",""
"1616687234-173346","https://www.xwordinfo.com/Crossword?date=03/24/2021","","","","Scrap :"
"1616687240-173575","https://www.xwordinfo.com/Crossword?date=03/24/2021","","Next puzzle","https://www.xwordinfo.com/Crossword?date=3/25/2021","""Quick, get that dog some ___"" (old ad slogan) :"
"1616687234-173304","https://www.xwordinfo.com/Crossword?date=03/24/2021","","","","Tre x due :"
"1616687240-173657","https://www.xwordinfo.com/Crossword?date=03/24/2021","","Next puzzle","https://www.xwordinfo.com/Crossword?date=3/25/2021","null"
"1616687234-173297","https://www.xwordinfo.com/Crossword?date=03/24/2021","","","","null"
"1616687234-173282","https://www.xwordinfo.com/Crossword?date=03/24/2021","","","","null"
"1616687234-173096","https://www.xwordinfo.com/Crossword?date=03/24/2021","null","","",""
"1616687234-173181","https://www.xwordinfo.com/Crossword?date=03/24/2021","null","","",""
"1616687234-173121","https://www.xwordinfo.com/Crossword?date=03/24/2021",": FOOTIEPAJAMAS","","",""
"1616687234-173091","https://www.xwordinfo.com/Crossword?date=03/24/2021",": ANNE","","",""
"1616687240-173412","https://www.xwordinfo.com/Crossword?date=03/24/2021","null","Next puzzle","https://www.xwordinfo.com/Crossword?date=3/25/2021",""
"1616687240-173573","https://www.xwordinfo.com/Crossword?date=03/24/2021","","Next puzzle","https://www.xwordinfo.com/Crossword?date=3/25/2021","Prefix with aggression :"
"1616687240-173651","https://www.xwordinfo.com/Crossword?date=03/24/2021","","Next puzzle","https://www.xwordinfo.com/Crossword?date=3/25/2021","null"
"1616687240-173523","https://www.xwordinfo.com/Crossword?date=03/24/2021","","Next puzzle","https://www.xwordinfo.com/Crossword?date=3/25/2021","Standing by :"
"1616687240-173579","https://www.xwordinfo.com/Crossword?date=03/24/2021","","Next puzzle","https://www.xwordinfo.com/Crossword?date=3/25/2021","Cry made while removing a jacket :"
"1616687240-173630","https://www.xwordinfo.com/Crossword?date=03/24/2021","","Next puzzle","https://www.xwordinfo.com/Crossword?date=3/25/2021","Do some wishful thinking? :"
"1616687234-173298","https://www.xwordinfo.com/Crossword?date=03/24/2021","","","","Runway model? :"
"1616687240-173446","https://www.xwordinfo.com/Crossword?date=03/24/2021",": YARN","Next puzzle","https://www.xwordinfo.com/Crossword?date=3/25/2021",""
"1616687234-173099","https://www.xwordinfo.com/Crossword?date=03/24/2021",": PASSON","","",""
"1616687240-173568","https://www.xwordinfo.com/Crossword?date=03/24/2021","","Next puzzle","https://www.xwordinfo.com/Crossword?date=3/25/2021","null"
"1616687240-173634","https://www.xwordinfo.com/Crossword?date=03/24/2021","","Next puzzle","https://www.xwordinfo.com/Crossword?date=3/25/2021","Word before food or theory :"
"1616687234-173294","https://www.xwordinfo.com/Crossword?date=03/24/2021","","","","Driver's danger :"
"1616687234-173112","https://www.xwordinfo.com/Crossword?date=03/24/2021","null","","",""
"1616687240-173453","https://www.xwordinfo.com/Crossword?date=03/24/2021","null","Next puzzle","https://www.xwordinfo.com/Crossword?date=3/25/2021",""
"1616687240-173480","https://www.xwordinfo.com/Crossword?date=03/24/2021",": PRISONERS","Next puzzle","https://www.xwordinfo.com/Crossword?date=3/25/2021",""
"1616687234-173269","https://www.xwordinfo.com/Crossword?date=03/24/2021","","","","""It's almost my turn!"" :"
"1616687240-173618","https://www.xwordinfo.com/Crossword?date=03/24/2021","","Next puzzle","https://www.xwordinfo.com/Crossword?date=3/25/2021","Start of a counting-out rhyme :"
"1616687234-173152","https://www.xwordinfo.com/Crossword?date=03/24/2021",": AIRLINER","","",""
"1616687240-173596","https://www.xwordinfo.com/Crossword?date=03/24/2021","","Next puzzle","https://www.xwordinfo.com/Crossword?date=3/25/2021","Jazz's Mary ___ Williams :"
"1616687240-173514","https://www.xwordinfo.com/Crossword?date=03/24/2021","","Next puzzle","https://www.xwordinfo.com/Crossword?date=3/25/2021","null"
"1616687234-173325","https://www.xwordinfo.com/Crossword?date=03/24/2021","","","","null"
"1616687234-173300","https://www.xwordinfo.com/Crossword?date=03/24/2021","","","","Silk center of India :"
"1616687234-173359","https://www.xwordinfo.com/Crossword?date=03/24/2021","","","","null"
"1616687240-173479","https://www.xwordinfo.com/Crossword?date=03/24/2021","null","Next puzzle","https://www.xwordinfo.com/Crossword?date=3/25/2021",""
"1616687234-173289","https://www.xwordinfo.com/Crossword?date=03/24/2021","","","","Bear in a 2012 comedy :"
"1616687240-173426","https://www.xwordinfo.com/Crossword?date=03/24/2021","null","Next puzzle","https://www.xwordinfo.com/Crossword?date=3/25/2021",""
"1616687234-173187","https://www.xwordinfo.com/Crossword?date=03/24/2021","null","","",""
"1616687240-173520","https://www.xwordinfo.com/Crossword?date=03/24/2021","","Next puzzle","https://www.xwordinfo.com/Crossword?date=3/25/2021","null"
"1616687234-173315","https://www.xwordinfo.com/Crossword?date=03/24/2021","","","","null"
"1616687234-173097","https://www.xwordinfo.com/Crossword?date=03/24/2021",": DENIMOVERALLS","","",""
"1616687240-173505","https://www.xwordinfo.com/Crossword?date=03/24/2021","null","Next puzzle","https://www.xwordinfo.com/Crossword?date=3/25/2021",""
"1616687234-173151","https://www.xwordinfo.com/Crossword?date=03/24/2021","null","","",""
"1616687240-173421","https://www.xwordinfo.com/Crossword?date=03/24/2021",": TANG","Next puzzle","https://www.xwordinfo.com/Crossword?date=3/25/2021",""
"1616687234-173286","https://www.xwordinfo.com/Crossword?date=03/24/2021","","","","null"
"1616687240-173594","https://www.xwordinfo.com/Crossword?date=03/24/2021","","Next puzzle","https://www.xwordinfo.com/Crossword?date=3/25/2021","Division of the Justice Dept. :"
"1616687240-173398","https://www.xwordinfo.com/Crossword?date=03/24/2021","null","Next puzzle","https://www.xwordinfo.com/Crossword?date=3/25/2021",""
"1616687240-173583","https://www.xwordinfo.com/Crossword?date=03/24/2021","","Next puzzle","https://www.xwordinfo.com/Crossword?date=3/25/2021","Dispatch, in a way :"
"1616687240-173447","https://www.xwordinfo.com/Crossword?date=03/24/2021","null","Next puzzle","https://www.xwordinfo.com/Crossword?date=3/25/2021",""
"1616687234-173186","https://www.xwordinfo.com/Crossword?date=03/24/2021",": STRESSOUT","","",""
"1616687240-173465","https://www.xwordinfo.com/Crossword?date=03/24/2021","null","Next puzzle","https://www.xwordinfo.com/Crossword?date=3/25/2021",""
"1616687240-173528","https://www.xwordinfo.com/Crossword?date=03/24/2021","","Next puzzle","https://www.xwordinfo.com/Crossword?date=3/25/2021","null"
"1616687240-173638","https://www.xwordinfo.com/Crossword?date=03/24/2021","","Next puzzle","https://www.xwordinfo.com/Crossword?date=3/25/2021","Mat used for judo :"
"1616687234-173180","https://www.xwordinfo.com/Crossword?date=03/24/2021",": ASHE","","",""
"1616687234-173210","https://www.xwordinfo.com/Crossword?date=03/24/2021",": ADELE","","",""
"1616687234-173203","https://www.xwordinfo.com/Crossword?date=03/24/2021","null","","",""
"1616687234-173114","https://www.xwordinfo.com/Crossword?date=03/24/2021","null","","",""
"1616687234-173088","https://www.xwordinfo.com/Crossword?date=03/24/2021","null","","",""
"1616687240-173641","https://www.xwordinfo.com/Crossword?date=03/24/2021","","Next puzzle","https://www.xwordinfo.com/Crossword?date=3/25/2021","null"
"1616687240-173610","https://www.xwordinfo.com/Crossword?date=03/24/2021","","Next puzzle","https://www.xwordinfo.com/Crossword?date=3/25/2021","Now we're in the Phanerozoic one :"
"1616687234-173153","https://www.xwordinfo.com/Crossword?date=03/24/2021","null","","",""
"1616687240-173396","https://www.xwordinfo.com/Crossword?date=03/24/2021","null","Next puzzle","https://www.xwordinfo.com/Crossword?date=3/25/2021",""
"1616687234-173291","https://www.xwordinfo.com/Crossword?date=03/24/2021","","","","null"
"1616687234-173272","https://www.xwordinfo.com/Crossword?date=03/24/2021","","","","null"
"1616687234-173324","https://www.xwordinfo.com/Crossword?date=03/24/2021","","","","Hound's ""hands"" :"
"1616687234-173102","https://www.xwordinfo.com/Crossword?date=03/24/2021","null","","",""
"1616687234-173086","https://www.xwordinfo.com/Crossword?date=03/24/2021","null","","",""
"1616687234-173132","https://www.xwordinfo.com/Crossword?date=03/24/2021","null","","",""
"1616687240-173605","https://www.xwordinfo.com/Crossword?date=03/24/2021","","Next puzzle","https://www.xwordinfo.com/Crossword?date=3/25/2021","null"
"1616687234-173182","https://www.xwordinfo.com/Crossword?date=03/24/2021",": AESOP","","",""
"1616687240-173628","https://www.xwordinfo.com/Crossword?date=03/24/2021","","Next puzzle","https://www.xwordinfo.com/Crossword?date=3/25/2021","Supercomputing pioneer Seymour :"
"1616687240-173440","https://www.xwordinfo.com/Crossword?date=03/24/2021",": ECO","Next puzzle","https://www.xwordinfo.com/Crossword?date=3/25/2021",""
"1616687240-173462","https://www.xwordinfo.com/Crossword?date=03/24/2021",": TEEMED","Next puzzle","https://www.xwordinfo.com/Crossword?date=3/25/2021",""
"1616687240-173541","https://www.xwordinfo.com/Crossword?date=03/24/2021","","Next puzzle","https://www.xwordinfo.com/Crossword?date=3/25/2021","Composer Rorem :"
"1616687240-173445","https://www.xwordinfo.com/Crossword?date=03/24/2021","null","Next puzzle","https://www.xwordinfo.com/Crossword?date=3/25/2021",""
"1616687240-173563","https://www.xwordinfo.com/Crossword?date=03/24/2021","","Next puzzle","https://www.xwordinfo.com/Crossword?date=3/25/2021","Sycophant :"
"1616687234-173239","https://www.xwordinfo.com/Crossword?date=03/24/2021","","","","What doesn't go a long. way? :"
"1616687234-173347","https://www.xwordinfo.com/Crossword?date=03/24/2021","","","","null"
"1616687240-173477","https://www.xwordinfo.com/Crossword?date=03/24/2021","null","Next puzzle","https://www.xwordinfo.com/Crossword?date=3/25/2021",""
"1616687234-173241","https://www.xwordinfo.com/Crossword?date=03/24/2021","","","","Ready to roll :"
"1616687234-173283","https://www.xwordinfo.com/Crossword?date=03/24/2021","","","","Big ___ (praise, slangily) :"
"1616687240-173499","https://www.xwordinfo.com/Crossword?date=03/24/2021","null","Next puzzle","https://www.xwordinfo.com/Crossword?date=3/25/2021",""
"1616687240-173551","https://www.xwordinfo.com/Crossword?date=03/24/2021","","Next puzzle","https://www.xwordinfo.com/Crossword?date=3/25/2021","Color on the flag of every permanent U.N. Security Council member :"
"1616687240-173636","https://www.xwordinfo.com/Crossword?date=03/24/2021","","Next puzzle","https://www.xwordinfo.com/Crossword?date=3/25/2021","Five-point rugby play :"
"1616687234-173232","https://www.xwordinfo.com/Crossword?date=03/24/2021","","","","null"
"1616687240-173372","https://www.xwordinfo.com/Crossword?date=03/24/2021","null","Next puzzle","https://www.xwordinfo.com/Crossword?date=3/25/2021",""
"1616687240-173622","https://www.xwordinfo.com/Crossword?date=03/24/2021","","Next puzzle","https://www.xwordinfo.com/Crossword?date=3/25/2021","Most charitable :"
"1616687240-173395","https://www.xwordinfo.com/Crossword?date=03/24/2021",": NED","Next puzzle","https://www.xwordinfo.com/Crossword?date=3/25/2021",""
"1616687234-173110","https://www.xwordinfo.com/Crossword?date=03/24/2021","null","","",""
"1616687240-173473","https://www.xwordinfo.com/Crossword?date=03/24/2021","null","Next puzzle","https://www.xwordinfo.com/Crossword?date=3/25/2021",""
"1616687240-173519","https://www.xwordinfo.com/Crossword?date=03/24/2021","","Next puzzle","https://www.xwordinfo.com/Crossword?date=3/25/2021","Brazilian export :"
"1616687240-173384","https://www.xwordinfo.com/Crossword?date=03/24/2021","null","Next puzzle","https://www.xwordinfo.com/Crossword?date=3/25/2021",""
"1616687240-173631","https://www.xwordinfo.com/Crossword?date=03/24/2021","","Next puzzle","https://www.xwordinfo.com/Crossword?date=3/25/2021","null"
"1616687240-173526","https://www.xwordinfo.com/Crossword?date=03/24/2021","","Next puzzle","https://www.xwordinfo.com/Crossword?date=3/25/2021","null"
"1616687234-173117","https://www.xwordinfo.com/Crossword?date=03/24/2021",": IFSO","","",""
"1616687234-173104","https://www.xwordinfo.com/Crossword?date=03/24/2021","null","","",""
"1616687240-173423","https://www.xwordinfo.com/Crossword?date=03/24/2021",": ABATE","Next puzzle","https://www.xwordinfo.com/Crossword?date=3/25/2021",""
"1616687240-173531","https://www.xwordinfo.com/Crossword?date=03/24/2021","","Next puzzle","https://www.xwordinfo.com/Crossword?date=3/25/2021","""You betcha!"" :"
"1616687234-173295","https://www.xwordinfo.com/Crossword?date=03/24/2021","","","","null"
"1616687234-173348","https://www.xwordinfo.com/Crossword?date=03/24/2021","","","","Podcaster Maron :"
"1616687240-173488","https://www.xwordinfo.com/Crossword?date=03/24/2021",": PET","Next puzzle","https://www.xwordinfo.com/Crossword?date=3/25/2021",""
"1616687234-173206","https://www.xwordinfo.com/Crossword?date=03/24/2021",": OMNIA","","",""
"1616687234-173139","https://www.xwordinfo.com/Crossword?date=03/24/2021",": DADA","","",""
"1616687234-173100","https://www.xwordinfo.com/Crossword?date=03/24/2021","null","","",""
"1616687234-173279","https://www.xwordinfo.com/Crossword?date=03/24/2021","","","","Happening now :"
"1616687240-173424","https://www.xwordinfo.com/Crossword?date=03/24/2021","null","Next puzzle","https://www.xwordinfo.com/Crossword?date=3/25/2021",""
"1616687234-173092","https://www.xwordinfo.com/Crossword?date=03/24/2021","null","","",""
"1616687234-173330","https://www.xwordinfo.com/Crossword?date=03/24/2021","","","","Home to the Christ the Redeemer statue, in brief :"
"1616687234-173115","https://www.xwordinfo.com/Crossword?date=03/24/2021",": RIC","","",""
"1616687240-173467","https://www.xwordinfo.com/Crossword?date=03/24/2021","null","Next puzzle","https://www.xwordinfo.com/Crossword?date=3/25/2021",""
"1616687234-173313","https://www.xwordinfo.com/Crossword?date=03/24/2021","","","","null"
"1616687240-173454","https://www.xwordinfo.com/Crossword?date=03/24/2021",": GONUCLEAR","Next puzzle","https://www.xwordinfo.com/Crossword?date=3/25/2021",""
"1616687240-173388","https://www.xwordinfo.com/Crossword?date=03/24/2021","null","Next puzzle","https://www.xwordinfo.com/Crossword?date=3/25/2021",""
"1616687240-173522","https://www.xwordinfo.com/Crossword?date=03/24/2021","","Next puzzle","https://www.xwordinfo.com/Crossword?date=3/25/2021","null"
"1616687240-173400","https://www.xwordinfo.com/Crossword?date=03/24/2021","null","Next puzzle","https://www.xwordinfo.com/Crossword?date=3/25/2021",""
"1616687234-173158","https://www.xwordinfo.com/Crossword?date=03/24/2021",": SEI","","",""
"1616687234-173075","https://www.xwordinfo.com/Crossword?date=03/24/2021",": NAB","","",""
"1616687240-173580","https://www.xwordinfo.com/Crossword?date=03/24/2021","","Next puzzle","https://www.xwordinfo.com/Crossword?date=3/25/2021","null"
"1616687240-173486","https://www.xwordinfo.com/Crossword?date=03/24/2021",": ENID","Next puzzle","https://www.xwordinfo.com/Crossword?date=3/25/2021",""
"1616687240-173542","https://www.xwordinfo.com/Crossword?date=03/24/2021","","Next puzzle","https://www.xwordinfo.com/Crossword?date=3/25/2021","null"
"1616687234-173316","https://www.xwordinfo.com/Crossword?date=03/24/2021","","","","Wine dregs :"
"1616687240-173595","https://www.xwordinfo.com/Crossword?date=03/24/2021","","Next puzzle","https://www.xwordinfo.com/Crossword?date=3/25/2021","null"
"1616687240-173429","https://www.xwordinfo.com/Crossword?date=03/24/2021",": ALPO","Next puzzle","https://www.xwordinfo.com/Crossword?date=3/25/2021",""
"1616687240-173420","https://www.xwordinfo.com/Crossword?date=03/24/2021","null","Next puzzle","https://www.xwordinfo.com/Crossword?date=3/25/2021",""
"1616687240-173549","https://www.xwordinfo.com/Crossword?date=03/24/2021","","Next puzzle","https://www.xwordinfo.com/Crossword?date=3/25/2021","Like horsehair :"
"1616687240-173373","https://www.xwordinfo.com/Crossword?date=03/24/2021",": ACAI","Next puzzle","https://www.xwordinfo.com/Crossword?date=3/25/2021",""
"1616687234-173156","https://www.xwordinfo.com/Crossword?date=03/24/2021",": BLUTO","","",""
"1616687234-173240","https://www.xwordinfo.com/Crossword?date=03/24/2021","","","","null"
"1616687234-173223","https://www.xwordinfo.com/Crossword?date=03/24/2021","","","","Onetime Volvo competitors :"
"1616687234-173213","https://www.xwordinfo.com/Crossword?date=03/24/2021","null","","",""
"1616687234-173087","https://www.xwordinfo.com/Crossword?date=03/24/2021",": SAILORSUIT","","",""
"1616687240-173507","https://www.xwordinfo.com/Crossword?date=03/24/2021","null","Next puzzle","https://www.xwordinfo.com/Crossword?date=3/25/2021",""
"1616687234-173120","https://www.xwordinfo.com/Crossword?date=03/24/2021","null","","",""
"1616687234-173292","https://www.xwordinfo.com/Crossword?date=03/24/2021","","","","___ Kim, 7-year-old star of the Golden Globe-winning ""Minari"" :"
"1616687240-173544","https://www.xwordinfo.com/Crossword?date=03/24/2021","","Next puzzle","https://www.xwordinfo.com/Crossword?date=3/25/2021","null"
"1616687234-173193","https://www.xwordinfo.com/Crossword?date=03/24/2021","null","","",""
"1616687234-173271","https://www.xwordinfo.com/Crossword?date=03/24/2021","","","","Judo ranking :"
"1616687240-173406","https://www.xwordinfo.com/Crossword?date=03/24/2021","null","Next puzzle","https://www.xwordinfo.com/Crossword?date=3/25/2021",""
"1616687234-173131","https://www.xwordinfo.com/Crossword?date=03/24/2021",": TRENCHCOAT","","",""
"1616687234-173094","https://www.xwordinfo.com/Crossword?date=03/24/2021","null","","",""
"1616687234-173148","https://www.xwordinfo.com/Crossword?date=03/24/2021",": BLINDSPOT","","",""
"1616687234-173212","https://www.xwordinfo.com/Crossword?date=03/24/2021",": JANIE","","",""
"1616687240-173652","https://www.xwordinfo.com/Crossword?date=03/24/2021","","Next puzzle","https://www.xwordinfo.com/Crossword?date=3/25/2021","Estadio cheer :"
"1616687240-173613","https://www.xwordinfo.com/Crossword?date=03/24/2021","","Next puzzle","https://www.xwordinfo.com/Crossword?date=3/25/2021","null"
"1616687234-173248","https://www.xwordinfo.com/Crossword?date=03/24/2021","","","","null"
"1616687234-173098","https://www.xwordinfo.com/Crossword?date=03/24/2021","null","","",""
"1616687240-173624","https://www.xwordinfo.com/Crossword?date=03/24/2021","","Next puzzle","https://www.xwordinfo.com/Crossword?date=3/25/2021","Got loaded :"
"1616687234-173222","https://www.xwordinfo.com/Crossword?date=03/24/2021","","","","null"
"1616687240-173537","https://www.xwordinfo.com/Crossword?date=03/24/2021","","Next puzzle","https://www.xwordinfo.com/Crossword?date=3/25/2021","Legal cover-up? :"
"1616687240-173478","https://www.xwordinfo.com/Crossword?date=03/24/2021",": TIEDONEON","Next puzzle","https://www.xwordinfo.com/Crossword?date=3/25/2021",""
"1616687240-173461","https://www.xwordinfo.com/Crossword?date=03/24/2021","null","Next puzzle","https://www.xwordinfo.com/Crossword?date=3/25/2021",""
"1616687234-173288","https://www.xwordinfo.com/Crossword?date=03/24/2021","","","","null"
"1616687240-173513","https://www.xwordinfo.com/Crossword?date=03/24/2021","","Next puzzle","https://www.xwordinfo.com/Crossword?date=3/25/2021","They can be found just above a six-pack :"
"1616687240-173370","https://www.xwordinfo.com/Crossword?date=03/24/2021","null","Next puzzle","https://www.xwordinfo.com/Crossword?date=3/25/2021",""
"1616687234-173257","https://www.xwordinfo.com/Crossword?date=03/24/2021","","","","First name among late-night TV hosts :"
"1616687234-173244","https://www.xwordinfo.com/Crossword?date=03/24/2021","","","","null"
"1616687240-173533","https://www.xwordinfo.com/Crossword?date=03/24/2021","","Next puzzle","https://www.xwordinfo.com/Crossword?date=3/25/2021","Ancient Indo-European :"
"1616687240-173403","https://www.xwordinfo.com/Crossword?date=03/24/2021",": COARSE","Next puzzle","https://www.xwordinfo.com/Crossword?date=3/25/2021",""
"1616687234-173234","https://www.xwordinfo.com/Crossword?date=03/24/2021","","","","null"
"1616687240-173629","https://www.xwordinfo.com/Crossword?date=03/24/2021","","Next puzzle","https://www.xwordinfo.com/Crossword?date=3/25/2021","null"
"1616687240-173399","https://www.xwordinfo.com/Crossword?date=03/24/2021",": PEP","Next puzzle","https://www.xwordinfo.com/Crossword?date=3/25/2021",""
"1616687234-173173","https://www.xwordinfo.com/Crossword?date=03/24/2021","null","","",""
"1616687234-173337","https://www.xwordinfo.com/Crossword?date=03/24/2021","","","","null"
"1616687240-173367","https://www.xwordinfo.com/Crossword?date=03/24/2021",": PECS","Next puzzle","https://www.xwordinfo.com/Crossword?date=3/25/2021",""
"1616687234-173331","https://www.xwordinfo.com/Crossword?date=03/24/2021","","","","null"
"1616687240-173380","https://www.xwordinfo.com/Crossword?date=03/24/2021","null","Next puzzle","https://www.xwordinfo.com/Crossword?date=3/25/2021",""
"1616687234-173190","https://www.xwordinfo.com/Crossword?date=03/24/2021",": ORCA","","",""
"1616687234-173119","https://www.xwordinfo.com/Crossword?date=03/24/2021",": LAMESA","","",""
"1616687234-173246","https://www.xwordinfo.com/Crossword?date=03/24/2021","","","","null"
"1616687234-173342","https://www.xwordinfo.com/Crossword?date=03/24/2021","","","","Semihard Dutch cheese :"
"1616687234-173167","https://www.xwordinfo.com/Crossword?date=03/24/2021","null","","",""
"1616687240-173414","https://www.xwordinfo.com/Crossword?date=03/24/2021","null","Next puzzle","https://www.xwordinfo.com/Crossword?date=3/25/2021",""
"1616687234-173105","https://www.xwordinfo.com/Crossword?date=03/24/2021",": LEARN","","",""
"1616687234-173327","https://www.xwordinfo.com/Crossword?date=03/24/2021","","","","null"
"1616687234-173293","https://www.xwordinfo.com/Crossword?date=03/24/2021","","","","null"
"1616687240-173602","https://www.xwordinfo.com/Crossword?date=03/24/2021","","Next puzzle","https://www.xwordinfo.com/Crossword?date=3/25/2021","Reaction to hilarity, maybe :"
"1616687234-173145","https://www.xwordinfo.com/Crossword?date=03/24/2021","null","","",""
"1616687240-173627","https://www.xwordinfo.com/Crossword?date=03/24/2021","","Next puzzle","https://www.xwordinfo.com/Crossword?date=3/25/2021","null"
"1616687240-173419","https://www.xwordinfo.com/Crossword?date=03/24/2021",": TALENTS","Next puzzle","https://www.xwordinfo.com/Crossword?date=3/25/2021",""
"1616687240-173498","https://www.xwordinfo.com/Crossword?date=03/24/2021",": FISCAL","Next puzzle","https://www.xwordinfo.com/Crossword?date=3/25/2021",""
"1616687234-173113","https://www.xwordinfo.com/Crossword?date=03/24/2021",": SOSAD","","",""
"1616687234-173122","https://www.xwordinfo.com/Crossword?date=03/24/2021","null","","",""
"1616687240-173417","https://www.xwordinfo.com/Crossword?date=03/24/2021",": TOADY","Next puzzle","https://www.xwordinfo.com/Crossword?date=3/25/2021",""
"1616687234-173226","https://www.xwordinfo.com/Crossword?date=03/24/2021","","","","null"
"1616687240-173555","https://www.xwordinfo.com/Crossword?date=03/24/2021","","Next puzzle","https://www.xwordinfo.com/Crossword?date=3/25/2021","Up to :"
"1616687240-173489","https://www.xwordinfo.com/Crossword?date=03/24/2021","null","Next puzzle","https://www.xwordinfo.com/Crossword?date=3/25/2021",""
"1616687240-173501","https://www.xwordinfo.com/Crossword?date=03/24/2021","null","Next puzzle","https://www.xwordinfo.com/Crossword?date=3/25/2021",""
"1616687240-173410","https://www.xwordinfo.com/Crossword?date=03/24/2021","null","Next puzzle","https://www.xwordinfo.com/Crossword?date=3/25/2021",""
"1616687240-173389","https://www.xwordinfo.com/Crossword?date=03/24/2021",": EFFECTIVE","Next puzzle","https://www.xwordinfo.com/Crossword?date=3/25/2021",""
"1616687240-173432","https://www.xwordinfo.com/Crossword?date=03/24/2021","null","Next puzzle","https://www.xwordinfo.com/Crossword?date=3/25/2021",""
"1616687240-173376","https://www.xwordinfo.com/Crossword?date=03/24/2021","null","Next puzzle","https://www.xwordinfo.com/Crossword?date=3/25/2021",""
"1616687240-173635","https://www.xwordinfo.com/Crossword?date=03/24/2021","","Next puzzle","https://www.xwordinfo.com/Crossword?date=3/25/2021","null"
"1616687240-173458","https://www.xwordinfo.com/Crossword?date=03/24/2021",": PILEIN","Next puzzle","https://www.xwordinfo.com/Crossword?date=3/25/2021",""
"1616687240-173599","https://www.xwordinfo.com/Crossword?date=03/24/2021","","Next puzzle","https://www.xwordinfo.com/Crossword?date=3/25/2021","null"
"1616687240-173497","https://www.xwordinfo.com/Crossword?date=03/24/2021","null","Next puzzle","https://www.xwordinfo.com/Crossword?date=3/25/2021",""
"1616687240-173402","https://www.xwordinfo.com/Crossword?date=03/24/2021","null","Next puzzle","https://www.xwordinfo.com/Crossword?date=3/25/2021",""
"1616687234-173284","https://www.xwordinfo.com/Crossword?date=03/24/2021","","","","null"
"1616687234-173280","https://www.xwordinfo.com/Crossword?date=03/24/2021","","","","null"
"1616687234-173350","https://www.xwordinfo.com/Crossword?date=03/24/2021","","","","Sphere :"
"1616687234-173126","https://www.xwordinfo.com/Crossword?date=03/24/2021","null","","",""
"1616687240-173574","https://www.xwordinfo.com/Crossword?date=03/24/2021","","Next puzzle","https://www.xwordinfo.com/Crossword?date=3/25/2021","null"
"1616687234-173259","https://www.xwordinfo.com/Crossword?date=03/24/2021","","","","""Boo-hoo"" :"
"1616687234-173101","https://www.xwordinfo.com/Crossword?date=03/24/2021",": EGAD","","",""
"1616687240-173391","https://www.xwordinfo.com/Crossword?date=03/24/2021",": ROBE","Next puzzle","https://www.xwordinfo.com/Crossword?date=3/25/2021",""
"1616687234-173341","https://www.xwordinfo.com/Crossword?date=03/24/2021","","","","null"
"1616687240-173640","https://www.xwordinfo.com/Crossword?date=03/24/2021","","Next puzzle","https://www.xwordinfo.com/Crossword?date=3/25/2021","Shortly :"
"1616687240-173559","https://www.xwordinfo.com/Crossword?date=03/24/2021","","Next puzzle","https://www.xwordinfo.com/Crossword?date=3/25/2021","Brouhaha :"
"1616687234-173146","https://www.xwordinfo.com/Crossword?date=03/24/2021",": ALAN","","",""
"1616687240-173639","https://www.xwordinfo.com/Crossword?date=03/24/2021","","Next puzzle","https://www.xwordinfo.com/Crossword?date=3/25/2021","null"
"1616687240-173540","https://www.xwordinfo.com/Crossword?date=03/24/2021","","Next puzzle","https://www.xwordinfo.com/Crossword?date=3/25/2021","null"
"1616687240-173543","https://www.xwordinfo.com/Crossword?date=03/24/2021","","Next puzzle","https://www.xwordinfo.com/Crossword?date=3/25/2021","Opposite of [circled letters] :"
"1616687234-173127","https://www.xwordinfo.com/Crossword?date=03/24/2021",": RSVP","","",""
"1616687240-173532","https://www.xwordinfo.com/Crossword?date=03/24/2021","","Next puzzle","https://www.xwordinfo.com/Crossword?date=3/25/2021","null"
"1616687240-173452","https://www.xwordinfo.com/Crossword?date=03/24/2021",": UPLIFT","Next puzzle","https://www.xwordinfo.com/Crossword?date=3/25/2021",""
"1616687240-173427","https://www.xwordinfo.com/Crossword?date=03/24/2021",": MICRO","Next puzzle","https://www.xwordinfo.com/Crossword?date=3/25/2021",""
"1616687234-173238","https://www.xwordinfo.com/Crossword?date=03/24/2021","","","","null"
"1616687240-173567","https://www.xwordinfo.com/Crossword?date=03/24/2021","","Next puzzle","https://www.xwordinfo.com/Crossword?date=3/25/2021","Grocery product with orange packaging :"
"1616687234-173136","https://www.xwordinfo.com/Crossword?date=03/24/2021","null","","",""
"1616687234-173129","https://www.xwordinfo.com/Crossword?date=03/24/2021",": ENDS","","",""
"1616687234-173227","https://www.xwordinfo.com/Crossword?date=03/24/2021","","","","""Is that ___?"" :"
"1616687240-173603","https://www.xwordinfo.com/Crossword?date=03/24/2021","","Next puzzle","https://www.xwordinfo.com/Crossword?date=3/25/2021","null"
"1616687234-173275","https://www.xwordinfo.com/Crossword?date=03/24/2021","","","","On a magnet they're called poles :"
"1616687234-173265","https://www.xwordinfo.com/Crossword?date=03/24/2021","","","","San Diego suburb :"
"1616687240-173418","https://www.xwordinfo.com/Crossword?date=03/24/2021","null","Next puzzle","https://www.xwordinfo.com/Crossword?date=3/25/2021",""
"1616687240-173387","https://www.xwordinfo.com/Crossword?date=03/24/2021",": ARYAN","Next puzzle","https://www.xwordinfo.com/Crossword?date=3/25/2021",""
"1616687240-173562","https://www.xwordinfo.com/Crossword?date=03/24/2021","","Next puzzle","https://www.xwordinfo.com/Crossword?date=3/25/2021","null"
"1616687234-173345","https://www.xwordinfo.com/Crossword?date=03/24/2021","","","","null"
"1616687234-173245","https://www.xwordinfo.com/Crossword?date=03/24/2021","","","","Hand down :"
"1616687234-173124","https://www.xwordinfo.com/Crossword?date=03/24/2021","null","","",""
"1616687240-173650","https://www.xwordinfo.com/Crossword?date=03/24/2021","","Next puzzle","https://www.xwordinfo.com/Crossword?date=3/25/2021","Brisk pace :"
"1616687240-173552","https://www.xwordinfo.com/Crossword?date=03/24/2021","","Next puzzle","https://www.xwordinfo.com/Crossword?date=3/25/2021","null"
"1616687234-173343","https://www.xwordinfo.com/Crossword?date=03/24/2021","","","","null"
"1616687240-173584","https://www.xwordinfo.com/Crossword?date=03/24/2021","","Next puzzle","https://www.xwordinfo.com/Crossword?date=3/25/2021","Boxer's mitt? :"
"1616687240-173534","https://www.xwordinfo.com/Crossword?date=03/24/2021","","Next puzzle","https://www.xwordinfo.com/Crossword?date=3/25/2021","null"
"1616687240-173625","https://www.xwordinfo.com/Crossword?date=03/24/2021","","Next puzzle","https://www.xwordinfo.com/Crossword?date=3/25/2021","null"
"1616687240-173469","https://www.xwordinfo.com/Crossword?date=03/24/2021","null","Next puzzle","https://www.xwordinfo.com/Crossword?date=3/25/2021",""
"1616687240-173656","https://www.xwordinfo.com/Crossword?date=03/24/2021","","Next puzzle","https://www.xwordinfo.com/Crossword?date=3/25/2021","Destination of Finnish mail that's addressed to ""Yhdysvallat"" :"
"1616687240-173539","https://www.xwordinfo.com/Crossword?date=03/24/2021","","Next puzzle","https://www.xwordinfo.com/Crossword?date=3/25/2021","Harvey of Hollywood :"
"1616687240-173394","https://www.xwordinfo.com/Crossword?date=03/24/2021","null","Next puzzle","https://www.xwordinfo.com/Crossword?date=3/25/2021",""
"1616687240-173450","https://www.xwordinfo.com/Crossword?date=03/24/2021",": LOU","Next puzzle","https://www.xwordinfo.com/Crossword?date=3/25/2021",""
"1616687234-173296","https://www.xwordinfo.com/Crossword?date=03/24/2021","","","","___ Paulo :"
"1616687234-173219","https://www.xwordinfo.com/Crossword?date=03/24/2021","null","","",""
"1616687240-173475","https://www.xwordinfo.com/Crossword?date=03/24/2021","null","Next puzzle","https://www.xwordinfo.com/Crossword?date=3/25/2021",""
"1616687234-173344","https://www.xwordinfo.com/Crossword?date=03/24/2021","","","","Manipulate the outcome of :"
"1616687234-173106","https://www.xwordinfo.com/Crossword?date=03/24/2021","null","","",""
"1616687240-173592","https://www.xwordinfo.com/Crossword?date=03/24/2021","","Next puzzle","https://www.xwordinfo.com/Crossword?date=3/25/2021","Knitter's need :"
"1616687240-173512","https://www.xwordinfo.com/Crossword?date=03/24/2021",": SPY","Next puzzle","https://www.xwordinfo.com/Crossword?date=3/25/2021",""
"1616687234-173205","https://www.xwordinfo.com/Crossword?date=03/24/2021","null","","",""
"1616687234-173307","https://www.xwordinfo.com/Crossword?date=03/24/2021","","","","null"
"1616687240-173547","https://www.xwordinfo.com/Crossword?date=03/24/2021","","Next puzzle","https://www.xwordinfo.com/Crossword?date=3/25/2021","Like many Bigfoot photos :"
"1616687240-173470","https://www.xwordinfo.com/Crossword?date=03/24/2021",": ROEG","Next puzzle","https://www.xwordinfo.com/Crossword?date=3/25/2021",""
"1616687240-173621","https://www.xwordinfo.com/Crossword?date=03/24/2021","","Next puzzle","https://www.xwordinfo.com/Crossword?date=3/25/2021","null"
"1616687234-173237","https://www.xwordinfo.com/Crossword?date=03/24/2021","","","","Writing sister of Charlotte and Emily :"
"1616687234-173160","https://www.xwordinfo.com/Crossword?date=03/24/2021",": GALGADOT","","",""
"1616687234-173163","https://www.xwordinfo.com/Crossword?date=03/24/2021","null","","",""
"1616687240-173368","https://www.xwordinfo.com/Crossword?date=03/24/2021","null","Next puzzle","https://www.xwordinfo.com/Crossword?date=3/25/2021",""
"1616687240-173404","https://www.xwordinfo.com/Crossword?date=03/24/2021","null","Next puzzle","https://www.xwordinfo.com/Crossword?date=3/25/2021",""
"1616687234-173189","https://www.xwordinfo.com/Crossword?date=03/24/2021","null","","",""
"1616687234-173329","https://www.xwordinfo.com/Crossword?date=03/24/2021","","","","null"
"1616687234-173323","https://www.xwordinfo.com/Crossword?date=03/24/2021","","","","null"
"1616687234-173130","https://www.xwordinfo.com/Crossword?date=03/24/2021","null","","",""
"1616687234-173140","https://www.xwordinfo.com/Crossword?date=03/24/2021","null","","",""
"1616687240-173466","https://www.xwordinfo.com/Crossword?date=03/24/2021",": SEEPOUT","Next puzzle","https://www.xwordinfo.com/Crossword?date=3/25/2021",""
"1616687240-173577","https://www.xwordinfo.com/Crossword?date=03/24/2021","","Next puzzle","https://www.xwordinfo.com/Crossword?date=3/25/2021","Carver's tool :"
"1616687240-173548","https://www.xwordinfo.com/Crossword?date=03/24/2021","","Next puzzle","https://www.xwordinfo.com/Crossword?date=3/25/2021","null"
"1616687240-173433","https://www.xwordinfo.com/Crossword?date=03/24/2021",": ITSON","Next puzzle","https://www.xwordinfo.com/Crossword?date=3/25/2021",""
"1616687234-173171","https://www.xwordinfo.com/Crossword?date=03/24/2021","null","","",""
"1616687240-173441","https://www.xwordinfo.com/Crossword?date=03/24/2021","null","Next puzzle","https://www.xwordinfo.com/Crossword?date=3/25/2021",""
"1616687234-173354","https://www.xwordinfo.com/Crossword?date=03/24/2021","","","","Available for home viewing, in a way :"
"1616687234-173360","https://www.xwordinfo.com/Crossword?date=03/24/2021","","","","Use a Juul, say :"
"1616687234-173242","https://www.xwordinfo.com/Crossword?date=03/24/2021","","","","null"
"1616687234-173142","https://www.xwordinfo.com/Crossword?date=03/24/2021","null","","",""
"1616687234-173249","https://www.xwordinfo.com/Crossword?date=03/24/2021","","","","Danger for Indiana Jones :"
"1616687240-173655","https://www.xwordinfo.com/Crossword?date=03/24/2021","","Next puzzle","https://www.xwordinfo.com/Crossword?date=3/25/2021","null"
"1616687240-173383","https://www.xwordinfo.com/Crossword?date=03/24/2021",": DCON","Next puzzle","https://www.xwordinfo.com/Crossword?date=3/25/2021",""
"1616687240-173474","https://www.xwordinfo.com/Crossword?date=03/24/2021",": FIG","Next puzzle","https://www.xwordinfo.com/Crossword?date=3/25/2021",""
"1616687234-173236","https://www.xwordinfo.com/Crossword?date=03/24/2021","","","","null"
"1616687240-173608","https://www.xwordinfo.com/Crossword?date=03/24/2021","","Next puzzle","https://www.xwordinfo.com/Crossword?date=3/25/2021","Swarmed :"
"1616687234-173191","https://www.xwordinfo.com/Crossword?date=03/24/2021","null","","",""
"1616687234-173108","https://www.xwordinfo.com/Crossword?date=03/24/2021","null","","",""
"1616687234-173155","https://www.xwordinfo.com/Crossword?date=03/24/2021","null","","",""
"1616687234-173262","https://www.xwordinfo.com/Crossword?date=03/24/2021","","","","null"
"1616687234-173335","https://www.xwordinfo.com/Crossword?date=03/24/2021","","","","null"
"1616687234-173268","https://www.xwordinfo.com/Crossword?date=03/24/2021","","","","null"
"1616687234-173285","https://www.xwordinfo.com/Crossword?date=03/24/2021","","","","Duchamp's art movement :"
"1616687234-173194","https://www.xwordinfo.com/Crossword?date=03/24/2021",": BALANCED","","",""
"1616687234-173169","https://www.xwordinfo.com/Crossword?date=03/24/2021","null","","",""
"1616687234-173273","https://www.xwordinfo.com/Crossword?date=03/24/2021","","","","___ card, part of a wedding invitation :"
"1616687234-173365","https://www.xwordinfo.com/Crossword?date=03/24/2021","","","","null"
"1616687234-173215","https://www.xwordinfo.com/Crossword?date=03/24/2021","null","","",""
"1616687240-173442","https://www.xwordinfo.com/Crossword?date=03/24/2021",": CANDYBAR","Next puzzle","https://www.xwordinfo.com/Crossword?date=3/25/2021",""
"1616687240-173451","https://www.xwordinfo.com/Crossword?date=03/24/2021","null","Next puzzle","https://www.xwordinfo.com/Crossword?date=3/25/2021",""
"1616687234-173287","https://www.xwordinfo.com/Crossword?date=03/24/2021","","","","Monopoly stack :"
"1616687240-173492","https://www.xwordinfo.com/Crossword?date=03/24/2021",": TATAMI","Next puzzle","https://www.xwordinfo.com/Crossword?date=3/25/2021",""
"1616687240-173607","https://www.xwordinfo.com/Crossword?date=03/24/2021","","Next puzzle","https://www.xwordinfo.com/Crossword?date=3/25/2021","null"
"1616687234-173267","https://www.xwordinfo.com/Crossword?date=03/24/2021","","","","*Michael Darling or Baby Smurf? :"
"1616687240-173517","https://www.xwordinfo.com/Crossword?date=03/24/2021","","Next puzzle","https://www.xwordinfo.com/Crossword?date=3/25/2021","Area named for gynecologist Ernst Gräfenberg :"
"1616687240-173597","https://www.xwordinfo.com/Crossword?date=03/24/2021","","Next puzzle","https://www.xwordinfo.com/Crossword?date=3/25/2021","null"
"1616687234-173107","https://www.xwordinfo.com/Crossword?date=03/24/2021",": OSLO","","",""
"1616687234-173364","https://www.xwordinfo.com/Crossword?date=03/24/2021","","","","Cleansed (of) :"
"1616687240-173576","https://www.xwordinfo.com/Crossword?date=03/24/2021","","Next puzzle","https://www.xwordinfo.com/Crossword?date=3/25/2021","null"
"1616687240-173566","https://www.xwordinfo.com/Crossword?date=03/24/2021","","Next puzzle","https://www.xwordinfo.com/Crossword?date=3/25/2021","null"
"1616687234-173128","https://www.xwordinfo.com/Crossword?date=03/24/2021","null","","",""
"1616687240-173485","https://www.xwordinfo.com/Crossword?date=03/24/2021","null","Next puzzle","https://www.xwordinfo.com/Crossword?date=3/25/2021",""
"1616687240-173616","https://www.xwordinfo.com/Crossword?date=03/24/2021","","Next puzzle","https://www.xwordinfo.com/Crossword?date=3/25/2021","Director Nicolas :"
"1616687234-173302","https://www.xwordinfo.com/Crossword?date=03/24/2021","","","","Comic strip antagonist with massive arms :"
"1616687240-173560","https://www.xwordinfo.com/Crossword?date=03/24/2021","","Next puzzle","https://www.xwordinfo.com/Crossword?date=3/25/2021","null"
"1616687234-173118","https://www.xwordinfo.com/Crossword?date=03/24/2021","null","","",""
"1616687240-173476","https://www.xwordinfo.com/Crossword?date=03/24/2021",": KINDEST","Next puzzle","https://www.xwordinfo.com/Crossword?date=3/25/2021",""
"1616687234-173310","https://www.xwordinfo.com/Crossword?date=03/24/2021","","","","Compete with :"
"1616687240-173649","https://www.xwordinfo.com/Crossword?date=03/24/2021","","Next puzzle","https://www.xwordinfo.com/Crossword?date=3/25/2021","null"
"1616687240-173637","https://www.xwordinfo.com/Crossword?date=03/24/2021","","Next puzzle","https://www.xwordinfo.com/Crossword?date=3/25/2021","null"
"1616687234-173353","https://www.xwordinfo.com/Crossword?date=03/24/2021","","","","null"
"1616687240-173464","https://www.xwordinfo.com/Crossword?date=03/24/2021",": EON","Next puzzle","https://www.xwordinfo.com/Crossword?date=3/25/2021",""
"1616687234-173235","https://www.xwordinfo.com/Crossword?date=03/24/2021","","","","One of Jacob's 12 sons :"
"1616687234-173116","https://www.xwordinfo.com/Crossword?date=03/24/2021","null","","",""
"1616687234-173361","https://www.xwordinfo.com/Crossword?date=03/24/2021","","","","null"
"1616687240-173435","https://www.xwordinfo.com/Crossword?date=03/24/2021",": LEST","Next puzzle","https://www.xwordinfo.com/Crossword?date=3/25/2021",""
"1616687240-173530","https://www.xwordinfo.com/Crossword?date=03/24/2021","","Next puzzle","https://www.xwordinfo.com/Crossword?date=3/25/2021","null"
"1616687240-173425","https://www.xwordinfo.com/Crossword?date=03/24/2021",": COURTEOUS","Next puzzle","https://www.xwordinfo.com/Crossword?date=3/25/2021",""
"1616687234-173224","https://www.xwordinfo.com/Crossword?date=03/24/2021","","","","null"
"1616687234-173166","https://www.xwordinfo.com/Crossword?date=03/24/2021",": PAIRS","","",""
"1616687240-173428","https://www.xwordinfo.com/Crossword?date=03/24/2021","null","Next puzzle","https://www.xwordinfo.com/Crossword?date=3/25/2021",""
"1616687234-173095","https://www.xwordinfo.com/Crossword?date=03/24/2021",": INGEAR","","",""
"1616687234-173349","https://www.xwordinfo.com/Crossword?date=03/24/2021","","","","null"
"1616687240-173590","https://www.xwordinfo.com/Crossword?date=03/24/2021","","Next puzzle","https://www.xwordinfo.com/Crossword?date=3/25/2021","""It's a Mad, Mad, Mad, Mad World"" co-star :"
"1616687234-173188","https://www.xwordinfo.com/Crossword?date=03/24/2021",": LEIS","","",""
"1616687240-173561","https://www.xwordinfo.com/Crossword?date=03/24/2021","","Next puzzle","https://www.xwordinfo.com/Crossword?date=3/25/2021","Opposite of [circled letters] :"
"1616687240-173436","https://www.xwordinfo.com/Crossword?date=03/24/2021","null","Next puzzle","https://www.xwordinfo.com/Crossword?date=3/25/2021",""
"1616687234-173204","https://www.xwordinfo.com/Crossword?date=03/24/2021",": FIELD","","",""
"1616687234-173318","https://www.xwordinfo.com/Crossword?date=03/24/2021","","","","Grp. opposed by March for Our Lives :"
"1616687234-173157","https://www.xwordinfo.com/Crossword?date=03/24/2021","null","","",""
"1616687240-173510","https://www.xwordinfo.com/Crossword?date=03/24/2021",": USA","Next puzzle","https://www.xwordinfo.com/Crossword?date=3/25/2021",""
"1616687234-173161","https://www.xwordinfo.com/Crossword?date=03/24/2021","null","","",""
"1616687234-173250","https://www.xwordinfo.com/Crossword?date=03/24/2021","","","","null"
"1616687234-173228","https://www.xwordinfo.com/Crossword?date=03/24/2021","","","","null"
"1616687240-173536","https://www.xwordinfo.com/Crossword?date=03/24/2021","","Next puzzle","https://www.xwordinfo.com/Crossword?date=3/25/2021","null"
"1616687234-173270","https://www.xwordinfo.com/Crossword?date=03/24/2021","","","","null"
"1616687234-173319","https://www.xwordinfo.com/Crossword?date=03/24/2021","","","","null"
"1616687240-173554","https://www.xwordinfo.com/Crossword?date=03/24/2021","","Next puzzle","https://www.xwordinfo.com/Crossword?date=3/25/2021","null"
"1616687234-173363","https://www.xwordinfo.com/Crossword?date=03/24/2021","","","","null"
"1616687240-173619","https://www.xwordinfo.com/Crossword?date=03/24/2021","","Next puzzle","https://www.xwordinfo.com/Crossword?date=3/25/2021","null"
"1616687240-173633","https://www.xwordinfo.com/Crossword?date=03/24/2021","","Next puzzle","https://www.xwordinfo.com/Crossword?date=3/25/2021","null"
"1616687234-173083","https://www.xwordinfo.com/Crossword?date=03/24/2021",": AISLES","","",""
"1616687240-173511","https://www.xwordinfo.com/Crossword?date=03/24/2021","null","Next puzzle","https://www.xwordinfo.com/Crossword?date=3/25/2021",""
"1616687234-173320","https://www.xwordinfo.com/Crossword?date=03/24/2021","","","","Certain court plea, in brief :"
"1616687240-173598","https://www.xwordinfo.com/Crossword?date=03/24/2021","","Next puzzle","https://www.xwordinfo.com/Crossword?date=3/25/2021","Raise :"
"1616687240-173375","https://www.xwordinfo.com/Crossword?date=03/24/2021",": ATOP","Next puzzle","https://www.xwordinfo.com/Crossword?date=3/25/2021",""
"1616687234-173306","https://www.xwordinfo.com/Crossword?date=03/24/2021","","","","Wonder-ful actress? :"
"1616687234-173197","https://www.xwordinfo.com/Crossword?date=03/24/2021","null","","",""
"1616687234-173231","https://www.xwordinfo.com/Crossword?date=03/24/2021","","","","Diva's delivery :"
"1616687240-173390","https://www.xwordinfo.com/Crossword?date=03/24/2021","null","Next puzzle","https://www.xwordinfo.com/Crossword?date=3/25/2021",""
"1616687234-173085","https://www.xwordinfo.com/Crossword?date=03/24/2021",": ARIA","","",""
"1616687234-173317","https://www.xwordinfo.com/Crossword?date=03/24/2021","","","","null"
"1616687240-173506","https://www.xwordinfo.com/Crossword?date=03/24/2021",": OLE","Next puzzle","https://www.xwordinfo.com/Crossword?date=3/25/2021",""
"1616687234-173168","https://www.xwordinfo.com/Crossword?date=03/24/2021",": STIEG","","",""
"1616687234-173266","https://www.xwordinfo.com/Crossword?date=03/24/2021","","","","null"
"1616687234-173366","https://www.xwordinfo.com/Crossword?date=03/24/2021","","","","They're made of mins. :"
"1616687234-173137","https://www.xwordinfo.com/Crossword?date=03/24/2021",": UPS","","",""
"1616687234-173264","https://www.xwordinfo.com/Crossword?date=03/24/2021","","","","null"
"1616687234-173208","https://www.xwordinfo.com/Crossword?date=03/24/2021",": ONDVD","","",""
"1616687240-173504","https://www.xwordinfo.com/Crossword?date=03/24/2021",": TROT","Next puzzle","https://www.xwordinfo.com/Crossword?date=3/25/2021",""
"1616687240-173487","https://www.xwordinfo.com/Crossword?date=03/24/2021","null","Next puzzle","https://www.xwordinfo.com/Crossword?date=3/25/2021",""
"1616687234-173263","https://www.xwordinfo.com/Crossword?date=03/24/2021","","","","Should that be the case :"
"1616687240-173535","https://www.xwordinfo.com/Crossword?date=03/24/2021","","Next puzzle","https://www.xwordinfo.com/Crossword?date=3/25/2021","Opposite of [circled letters] :"
"1616687234-173207","https://www.xwordinfo.com/Crossword?date=03/24/2021","null","","",""
"1616687240-173569","https://www.xwordinfo.com/Crossword?date=03/24/2021","","Next puzzle","https://www.xwordinfo.com/Crossword?date=3/25/2021","Go from worse to bad, say :"
"1616687234-173261","https://www.xwordinfo.com/Crossword?date=03/24/2021","","","","Wrestler Flair :"
"1616687240-173588","https://www.xwordinfo.com/Crossword?date=03/24/2021","","Next puzzle","https://www.xwordinfo.com/Crossword?date=3/25/2021","Mars, for one :"
"1616687240-173374","https://www.xwordinfo.com/Crossword?date=03/24/2021","null","Next puzzle","https://www.xwordinfo.com/Crossword?date=3/25/2021",""
"1616687240-173646","https://www.xwordinfo.com/Crossword?date=03/24/2021","","Next puzzle","https://www.xwordinfo.com/Crossword?date=3/25/2021","Union Station-Dupont Circle connector, in D.C. :"
"1616687234-173138","https://www.xwordinfo.com/Crossword?date=03/24/2021","null","","",""
"1616687234-173312","https://www.xwordinfo.com/Crossword?date=03/24/2021","","","","Figure skating category :"
"1616687234-173192","https://www.xwordinfo.com/Crossword?date=03/24/2021",": WHITESEA","","",""
"1616687234-173084","https://www.xwordinfo.com/Crossword?date=03/24/2021","null","","",""
"1616687234-173355","https://www.xwordinfo.com/Crossword?date=03/24/2021","","","","null"
"1616687240-173515","https://www.xwordinfo.com/Crossword?date=03/24/2021","","Next puzzle","https://www.xwordinfo.com/Crossword?date=3/25/2021","China/North Korea border river :"
"1616687240-173411","https://www.xwordinfo.com/Crossword?date=03/24/2021",": DEFEAT","Next puzzle","https://www.xwordinfo.com/Crossword?date=3/25/2021",""
"1616687240-173444","https://www.xwordinfo.com/Crossword?date=03/24/2021",": SIDCAESAR","Next puzzle","https://www.xwordinfo.com/Crossword?date=3/25/2021",""
"1616687234-173103","https://www.xwordinfo.com/Crossword?date=03/24/2021",": ASP","","",""
"1616687240-173578","https://www.xwordinfo.com/Crossword?date=03/24/2021","","Next puzzle","https://www.xwordinfo.com/Crossword?date=3/25/2021","null"
"1616687240-173496","https://www.xwordinfo.com/Crossword?date=03/24/2021",": LILACS","Next puzzle","https://www.xwordinfo.com/Crossword?date=3/25/2021",""
"1616687234-173252","https://www.xwordinfo.com/Crossword?date=03/24/2021","","","","null"
"1616687234-173290","https://www.xwordinfo.com/Crossword?date=03/24/2021","","","","Org. with Perseverance :"
"1616687240-173601","https://www.xwordinfo.com/Crossword?date=03/24/2021","","Next puzzle","https://www.xwordinfo.com/Crossword?date=3/25/2021","null"
"1616687240-173439","https://www.xwordinfo.com/Crossword?date=03/24/2021","null","Next puzzle","https://www.xwordinfo.com/Crossword?date=3/25/2021",""
"1616687234-173314","https://www.xwordinfo.com/Crossword?date=03/24/2021","","","","Writer Larsson :"
"1616687234-173277","https://www.xwordinfo.com/Crossword?date=03/24/2021","","","","*Inspector Gadget or McGruff the Crime Dog? :"
"1616687240-173378","https://www.xwordinfo.com/Crossword?date=03/24/2021","null","Next puzzle","https://www.xwordinfo.com/Crossword?date=3/25/2021",""
"1616687240-173415","https://www.xwordinfo.com/Crossword?date=03/24/2021",": ANIMOSITY","Next puzzle","https://www.xwordinfo.com/Crossword?date=3/25/2021",""
"1616687240-173615","https://www.xwordinfo.com/Crossword?date=03/24/2021","","Next puzzle","https://www.xwordinfo.com/Crossword?date=3/25/2021","null"
"1616687234-173164","https://www.xwordinfo.com/Crossword?date=03/24/2021",": RIVAL","","",""
"1616687240-173481","https://www.xwordinfo.com/Crossword?date=03/24/2021","null","Next puzzle","https://www.xwordinfo.com/Crossword?date=3/25/2021",""
"1616687234-173154","https://www.xwordinfo.com/Crossword?date=03/24/2021",": ASSAM","","",""
"1616687234-173281","https://www.xwordinfo.com/Crossword?date=03/24/2021","","","","More slick :"
"1616687234-173149","https://www.xwordinfo.com/Crossword?date=03/24/2021","null","","",""
"1616687234-173233","https://www.xwordinfo.com/Crossword?date=03/24/2021","","","","*Donald Duck or Popeye? :"
"1616687234-173125","https://www.xwordinfo.com/Crossword?date=03/24/2021",": DAN","","",""
"1616687234-173214","https://www.xwordinfo.com/Crossword?date=03/24/2021",": VAPE","","",""
"1616687234-173198","https://www.xwordinfo.com/Crossword?date=03/24/2021",": FIX","","",""
"1616687240-173527","https://www.xwordinfo.com/Crossword?date=03/24/2021","","Next puzzle","https://www.xwordinfo.com/Crossword?date=3/25/2021","Nick who voices Kuiil on ""The Mandalorian"" :"
"1616687240-173642","https://www.xwordinfo.com/Crossword?date=03/24/2021","","Next puzzle","https://www.xwordinfo.com/Crossword?date=3/25/2021","Flowers that ""in the dooryard bloom'd,"" in a Whitman poem :"
"1616687234-173079","https://www.xwordinfo.com/Crossword?date=03/24/2021",": GARP","","",""
"1616687234-173202","https://www.xwordinfo.com/Crossword?date=03/24/2021",": MARC","","",""
"1616687240-173381","https://www.xwordinfo.com/Crossword?date=03/24/2021",": NOLTE","Next puzzle","https://www.xwordinfo.com/Crossword?date=3/25/2021",""
"1616687240-173472","https://www.xwordinfo.com/Crossword?date=03/24/2021",": EENY","Next puzzle","https://www.xwordinfo.com/Crossword?date=3/25/2021",""
"1616687234-173211","https://www.xwordinfo.com/Crossword?date=03/24/2021","null","","",""
"1616687234-173199","https://www.xwordinfo.com/Crossword?date=03/24/2021","null","","",""
"1616687240-173431","https://www.xwordinfo.com/Crossword?date=03/24/2021",": RASP","Next puzzle","https://www.xwordinfo.com/Crossword?date=3/25/2021",""
"1616687234-173332","https://www.xwordinfo.com/Crossword?date=03/24/2021","","","","Worry to exhaustion :"
"1616687240-173587","https://www.xwordinfo.com/Crossword?date=03/24/2021","","Next puzzle","https://www.xwordinfo.com/Crossword?date=3/25/2021","null"
"1616687234-173220","https://www.xwordinfo.com/Crossword?date=03/24/2021",": HRS","","",""
"1616687240-173457","https://www.xwordinfo.com/Crossword?date=03/24/2021","null","Next puzzle","https://www.xwordinfo.com/Crossword?date=3/25/2021",""
"1616687234-173178","https://www.xwordinfo.com/Crossword?date=03/24/2021",": PAWS","","",""
"1616687240-173397","https://www.xwordinfo.com/Crossword?date=03/24/2021",": FEASTING","Next puzzle","https://www.xwordinfo.com/Crossword?date=3/25/2021",""
"1616687240-173600","https://www.xwordinfo.com/Crossword?date=03/24/2021","","Next puzzle","https://www.xwordinfo.com/Crossword?date=3/25/2021","Escalate to the extreme :"
"1616687240-173371","https://www.xwordinfo.com/Crossword?date=03/24/2021",": GSPOT","Next puzzle","https://www.xwordinfo.com/Crossword?date=3/25/2021",""
"1616687240-173482","https://www.xwordinfo.com/Crossword?date=03/24/2021",": CRAY","Next puzzle","https://www.xwordinfo.com/Crossword?date=3/25/2021",""
"1616687240-173495","https://www.xwordinfo.com/Crossword?date=03/24/2021","null","Next puzzle","https://www.xwordinfo.com/Crossword?date=3/25/2021",""
"1616687240-173468","https://www.xwordinfo.com/Crossword?date=03/24/2021",": ARF","Next puzzle","https://www.xwordinfo.com/Crossword?date=3/25/2021",""
"1616687240-173460","https://www.xwordinfo.com/Crossword?date=03/24/2021",": OCTAVE","Next puzzle","https://www.xwordinfo.com/Crossword?date=3/25/2021",""
"1616687234-173201","https://www.xwordinfo.com/Crossword?date=03/24/2021","null","","",""
"1616687234-173358","https://www.xwordinfo.com/Crossword?date=03/24/2021","","","","Title girl with a gun in an Aerosmith hit :"
"1616687234-173141","https://www.xwordinfo.com/Crossword?date=03/24/2021",": DEEDS","","",""
"1616687240-173647","https://www.xwordinfo.com/Crossword?date=03/24/2021","","Next puzzle","https://www.xwordinfo.com/Crossword?date=3/25/2021","null"
"1616687240-173503","https://www.xwordinfo.com/Crossword?date=03/24/2021","null","Next puzzle","https://www.xwordinfo.com/Crossword?date=3/25/2021",""
"1616687234-173200","https://www.xwordinfo.com/Crossword?date=03/24/2021",": SETTO","","",""
"1616687234-173362","https://www.xwordinfo.com/Crossword?date=03/24/2021","","","","Affliction for many a vet :"
"1616687234-173326","https://www.xwordinfo.com/Crossword?date=03/24/2021","","","","Tennis great posthumously awarded the Presidential Medal of Freedom :"
"1616687240-173430","https://www.xwordinfo.com/Crossword?date=03/24/2021","null","Next puzzle","https://www.xwordinfo.com/Crossword?date=3/25/2021",""
"1616687234-173251","https://www.xwordinfo.com/Crossword?date=03/24/2021","","","","Pick up :"
"1616687240-173591","https://www.xwordinfo.com/Crossword?date=03/24/2021","","Next puzzle","https://www.xwordinfo.com/Crossword?date=3/25/2021","null"
"1616687240-173525","https://www.xwordinfo.com/Crossword?date=03/24/2021","","Next puzzle","https://www.xwordinfo.com/Crossword?date=3/25/2021","Opposite of [circled letters] :"
"1616687234-173225","https://www.xwordinfo.com/Crossword?date=03/24/2021","","","","Title character of a John Irving novel :"
"1616687240-173456","https://www.xwordinfo.com/Crossword?date=03/24/2021",": SNORT","Next puzzle","https://www.xwordinfo.com/Crossword?date=3/25/2021",""
"1616687240-173408","https://www.xwordinfo.com/Crossword?date=03/24/2021","null","Next puzzle","https://www.xwordinfo.com/Crossword?date=3/25/2021",""
"1616687234-173082","https://www.xwordinfo.com/Crossword?date=03/24/2021","null","","",""
"1616687240-173455","https://www.xwordinfo.com/Crossword?date=03/24/2021","null","Next puzzle","https://www.xwordinfo.com/Crossword?date=3/25/2021",""
"1616687240-173648","https://www.xwordinfo.com/Crossword?date=03/24/2021","","Next puzzle","https://www.xwordinfo.com/Crossword?date=3/25/2021","Bit of ink :"
"1616687234-173150","https://www.xwordinfo.com/Crossword?date=03/24/2021",": SAO","","",""
"1616687240-173529","https://www.xwordinfo.com/Crossword?date=03/24/2021","","Next puzzle","https://www.xwordinfo.com/Crossword?date=3/25/2021","Pest control brand :"
"1616687240-173623","https://www.xwordinfo.com/Crossword?date=03/24/2021","","Next puzzle","https://www.xwordinfo.com/Crossword?date=3/25/2021","null"
"1616687240-173494","https://www.xwordinfo.com/Crossword?date=03/24/2021",": INABIT","Next puzzle","https://www.xwordinfo.com/Crossword?date=3/25/2021",""
"1616687240-173556","https://www.xwordinfo.com/Crossword?date=03/24/2021","","Next puzzle","https://www.xwordinfo.com/Crossword?date=3/25/2021","null"
"1616687240-173382","https://www.xwordinfo.com/Crossword?date=03/24/2021","null","Next puzzle","https://www.xwordinfo.com/Crossword?date=3/25/2021",""
"1616687240-173643","https://www.xwordinfo.com/Crossword?date=03/24/2021","","Next puzzle","https://www.xwordinfo.com/Crossword?date=3/25/2021","null"
"1616687240-173484","https://www.xwordinfo.com/Crossword?date=03/24/2021",": SETAGOAL","Next puzzle","https://www.xwordinfo.com/Crossword?date=3/25/2021",""
"1616687240-173448","https://www.xwordinfo.com/Crossword?date=03/24/2021",": ATF","Next puzzle","https://www.xwordinfo.com/Crossword?date=3/25/2021",""
"1616687240-173614","https://www.xwordinfo.com/Crossword?date=03/24/2021","","Next puzzle","https://www.xwordinfo.com/Crossword?date=3/25/2021","Intruder warning, maybe :"
"1616687240-173500","https://www.xwordinfo.com/Crossword?date=03/24/2021",": METRO","Next puzzle","https://www.xwordinfo.com/Crossword?date=3/25/2021",""
"1616687240-173558","https://www.xwordinfo.com/Crossword?date=03/24/2021","","Next puzzle","https://www.xwordinfo.com/Crossword?date=3/25/2021","null"
"1616687240-173416","https://www.xwordinfo.com/Crossword?date=03/24/2021","null","Next puzzle","https://www.xwordinfo.com/Crossword?date=3/25/2021",""
"1616687234-173090","https://www.xwordinfo.com/Crossword?date=03/24/2021","null","","",""
"1616687240-173471","https://www.xwordinfo.com/Crossword?date=03/24/2021","null","Next puzzle","https://www.xwordinfo.com/Crossword?date=3/25/2021",""
"1616687234-173209","https://www.xwordinfo.com/Crossword?date=03/24/2021","null","","",""
"1616687240-173645","https://www.xwordinfo.com/Crossword?date=03/24/2021","","Next puzzle","https://www.xwordinfo.com/Crossword?date=3/25/2021","null"
"1616687240-173405","https://www.xwordinfo.com/Crossword?date=03/24/2021",": RED","Next puzzle","https://www.xwordinfo.com/Crossword?date=3/25/2021",""
"1616687240-173438","https://www.xwordinfo.com/Crossword?date=03/24/2021",": PAW","Next puzzle","https://www.xwordinfo.com/Crossword?date=3/25/2021",""
"1616687240-173443","https://www.xwordinfo.com/Crossword?date=03/24/2021","null","Next puzzle","https://www.xwordinfo.com/Crossword?date=3/25/2021",""
"1616687234-173165","https://www.xwordinfo.com/Crossword?date=03/24/2021","null","","",""
"1616687234-173133","https://www.xwordinfo.com/Crossword?date=03/24/2021",": LIVE","","",""
"1616687240-173491","https://www.xwordinfo.com/Crossword?date=03/24/2021","null","Next puzzle","https://www.xwordinfo.com/Crossword?date=3/25/2021",""
"1616687240-173545","https://www.xwordinfo.com/Crossword?date=03/24/2021","","Next puzzle","https://www.xwordinfo.com/Crossword?date=3/25/2021","Get-up-and-go :"
"1616687240-173508","https://www.xwordinfo.com/Crossword?date=03/24/2021",": UPS","Next puzzle","https://www.xwordinfo.com/Crossword?date=3/25/2021",""
"1616687240-173483","https://www.xwordinfo.com/Crossword?date=03/24/2021","null","Next puzzle","https://www.xwordinfo.com/Crossword?date=3/25/2021",""
"1616687240-173379","https://www.xwordinfo.com/Crossword?date=03/24/2021",": WONDERFUL","Next puzzle","https://www.xwordinfo.com/Crossword?date=3/25/2021",""
"1616687240-173490","https://www.xwordinfo.com/Crossword?date=03/24/2021",": TRY","Next puzzle","https://www.xwordinfo.com/Crossword?date=3/25/2021",""
"1616687240-173570","https://www.xwordinfo.com/Crossword?date=03/24/2021","","Next puzzle","https://www.xwordinfo.com/Crossword?date=3/25/2021","null"
"1616687240-173609","https://www.xwordinfo.com/Crossword?date=03/24/2021","","Next puzzle","https://www.xwordinfo.com/Crossword?date=3/25/2021","null"
"1616687234-173276","https://www.xwordinfo.com/Crossword?date=03/24/2021","","","","null"
"1616687240-173557","https://www.xwordinfo.com/Crossword?date=03/24/2021","","Next puzzle","https://www.xwordinfo.com/Crossword?date=3/25/2021","Best :"
"1616687240-173572","https://www.xwordinfo.com/Crossword?date=03/24/2021","","Next puzzle","https://www.xwordinfo.com/Crossword?date=3/25/2021","null"
"1616687234-173218","https://www.xwordinfo.com/Crossword?date=03/24/2021",": RID","","",""
"1616687234-173309","https://www.xwordinfo.com/Crossword?date=03/24/2021","","","","null"
"1616687240-173585","https://www.xwordinfo.com/Crossword?date=03/24/2021","","Next puzzle","https://www.xwordinfo.com/Crossword?date=3/25/2021","null"
"1616687234-173170","https://www.xwordinfo.com/Crossword?date=03/24/2021",": LEES","","",""
"1616687234-173299","https://www.xwordinfo.com/Crossword?date=03/24/2021","","","","null"
"1616687240-173604","https://www.xwordinfo.com/Crossword?date=03/24/2021","","Next puzzle","https://www.xwordinfo.com/Crossword?date=3/25/2021","Enter all together :"
"1616687234-173253","https://www.xwordinfo.com/Crossword?date=03/24/2021","","","","Locale of the annual Nobel Peace Prize ceremony :"
"1616687234-173093","https://www.xwordinfo.com/Crossword?date=03/24/2021",": LAT","","",""
"1616687240-173644","https://www.xwordinfo.com/Crossword?date=03/24/2021","","Next puzzle","https://www.xwordinfo.com/Crossword?date=3/25/2021","___ conservative :"
"1616687234-173184","https://www.xwordinfo.com/Crossword?date=03/24/2021",": RIO","","",""
"1616687234-173311","https://www.xwordinfo.com/Crossword?date=03/24/2021","","","","null"
"1616687234-173328","https://www.xwordinfo.com/Crossword?date=03/24/2021","","","","Classic name in children's literature :"
"1616687234-173339","https://www.xwordinfo.com/Crossword?date=03/24/2021","","","","null"
"1616687240-173377","https://www.xwordinfo.com/Crossword?date=03/24/2021",": ONICE","Next puzzle","https://www.xwordinfo.com/Crossword?date=3/25/2021",""
"1616687234-173175","https://www.xwordinfo.com/Crossword?date=03/24/2021","null","","",""
"1616687234-173254","https://www.xwordinfo.com/Crossword?date=03/24/2021","","","","null"
"1616687240-173516","https://www.xwordinfo.com/Crossword?date=03/24/2021","","Next puzzle","https://www.xwordinfo.com/Crossword?date=3/25/2021","null"
"1616687240-173463","https://www.xwordinfo.com/Crossword?date=03/24/2021","null","Next puzzle","https://www.xwordinfo.com/Crossword?date=3/25/2021",""
"1616687234-173185","https://www.xwordinfo.com/Crossword?date=03/24/2021","null","","",""
"1616687234-173336","https://www.xwordinfo.com/Crossword?date=03/24/2021","","","","Subject of the 2013 documentary ""Blackfish"" :"
"1616687240-173524","https://www.xwordinfo.com/Crossword?date=03/24/2021","","Next puzzle","https://www.xwordinfo.com/Crossword?date=3/25/2021","null"
"1616687234-173123","https://www.xwordinfo.com/Crossword?date=03/24/2021",": IMNEXT","","",""
"1616687240-173571","https://www.xwordinfo.com/Crossword?date=03/24/2021","","Next puzzle","https://www.xwordinfo.com/Crossword?date=3/25/2021","Opposite of [circled letters] :"
"1616687234-173274","https://www.xwordinfo.com/Crossword?date=03/24/2021","","","","null"
"1616687234-173217","https://www.xwordinfo.com/Crossword?date=03/24/2021","null","","",""
"1616687240-173502","https://www.xwordinfo.com/Crossword?date=03/24/2021",": TAT","Next puzzle","https://www.xwordinfo.com/Crossword?date=3/25/2021",""
"1616687234-173159","https://www.xwordinfo.com/Crossword?date=03/24/2021","null","","",""
"1616687234-173176","https://www.xwordinfo.com/Crossword?date=03/24/2021",": VENTS","","",""
"1616687234-173147","https://www.xwordinfo.com/Crossword?date=03/24/2021","null","","",""
"1616687240-173612","https://www.xwordinfo.com/Crossword?date=03/24/2021","","Next puzzle","https://www.xwordinfo.com/Crossword?date=3/25/2021","Ooze away :"
"1616687240-173593","https://www.xwordinfo.com/Crossword?date=03/24/2021","","Next puzzle","https://www.xwordinfo.com/Crossword?date=3/25/2021","null"
"1616687240-173386","https://www.xwordinfo.com/Crossword?date=03/24/2021","null","Next puzzle","https://www.xwordinfo.com/Crossword?date=3/25/2021",""
"1616687240-173632","https://www.xwordinfo.com/Crossword?date=03/24/2021","","Next puzzle","https://www.xwordinfo.com/Crossword?date=3/25/2021","Camelot lady :"
"1616687240-173589","https://www.xwordinfo.com/Crossword?date=03/24/2021","","Next puzzle","https://www.xwordinfo.com/Crossword?date=3/25/2021","null"
"1616687234-173256","https://www.xwordinfo.com/Crossword?date=03/24/2021","","","","null"
"1616687240-173606","https://www.xwordinfo.com/Crossword?date=03/24/2021","","Next puzzle","https://www.xwordinfo.com/Crossword?date=3/25/2021","Distance between ""some"" and ""where"" in ""Somewhere over the rainbow"" :"
"1616687234-173321","https://www.xwordinfo.com/Crossword?date=03/24/2021","","","","null"
"1616687240-173581","https://www.xwordinfo.com/Crossword?date=03/24/2021","","Next puzzle","https://www.xwordinfo.com/Crossword?date=3/25/2021","Just in case :"
"1616687240-173611","https://www.xwordinfo.com/Crossword?date=03/24/2021","","Next puzzle","https://www.xwordinfo.com/Crossword?date=3/25/2021","null"
"1616687240-173586","https://www.xwordinfo.com/Crossword?date=03/24/2021","","Next puzzle","https://www.xwordinfo.com/Crossword?date=3/25/2021","Prefix with conscious :"
"1616687234-173305","https://www.xwordinfo.com/Crossword?date=03/24/2021","","","","null"
"1616687234-173172","https://www.xwordinfo.com/Crossword?date=03/24/2021",": NRA","","",""
"1616687234-173077","https://www.xwordinfo.com/Crossword?date=03/24/2021",": SAABS","","",""
"1616687240-173617","https://www.xwordinfo.com/Crossword?date=03/24/2021","","Next puzzle","https://www.xwordinfo.com/Crossword?date=3/25/2021","null"
"1616687234-173135","https://www.xwordinfo.com/Crossword?date=03/24/2021",": OILIER","","",""
"1616687240-173626","https://www.xwordinfo.com/Crossword?date=03/24/2021","","Next puzzle","https://www.xwordinfo.com/Crossword?date=3/25/2021","Cons :"
"1616687234-173195","https://www.xwordinfo.com/Crossword?date=03/24/2021","null","","",""
"1616687240-173582","https://www.xwordinfo.com/Crossword?date=03/24/2021","","Next puzzle","https://www.xwordinfo.com/Crossword?date=3/25/2021","null"
"1616687234-173243","https://www.xwordinfo.com/Crossword?date=03/24/2021","","","","*Minions or Mario? :"
"1616687234-173334","https://www.xwordinfo.com/Crossword?date=03/24/2021","","","","Luau loops :"
"1616687234-173089","https://www.xwordinfo.com/Crossword?date=03/24/2021",": LEVI","","",""
"1616687234-173144","https://www.xwordinfo.com/Crossword?date=03/24/2021",": NASA","","",""
"1616687240-173565","https://www.xwordinfo.com/Crossword?date=03/24/2021","","Next puzzle","https://www.xwordinfo.com/Crossword?date=3/25/2021","Gifts :"
"1616687240-173518","https://www.xwordinfo.com/Crossword?date=03/24/2021","","Next puzzle","https://www.xwordinfo.com/Crossword?date=3/25/2021","null"
"1616687240-173437","https://www.xwordinfo.com/Crossword?date=03/24/2021",": SLAY","Next puzzle","https://www.xwordinfo.com/Crossword?date=3/25/2021",""
"1616687234-173301","https://www.xwordinfo.com/Crossword?date=03/24/2021","","","","null"
"1616687234-173333","https://www.xwordinfo.com/Crossword?date=03/24/2021","","","","null"
"1616687240-173449","https://www.xwordinfo.com/Crossword?date=03/24/2021","null","Next puzzle","https://www.xwordinfo.com/Crossword?date=3/25/2021",""
"1616687240-173493","https://www.xwordinfo.com/Crossword?date=03/24/2021","null","Next puzzle","https://www.xwordinfo.com/Crossword?date=3/25/2021",""
"1616687240-173422","https://www.xwordinfo.com/Crossword?date=03/24/2021","null","Next puzzle","https://www.xwordinfo.com/Crossword?date=3/25/2021",""
"1616687240-173550","https://www.xwordinfo.com/Crossword?date=03/24/2021","","Next puzzle","https://www.xwordinfo.com/Crossword?date=3/25/2021","null"
"1616687240-173620","https://www.xwordinfo.com/Crossword?date=03/24/2021","","Next puzzle","https://www.xwordinfo.com/Crossword?date=3/25/2021","Fruit that's usually dried before consumption :"
"1616687240-173413","https://www.xwordinfo.com/Crossword?date=03/24/2021",": STIR","Next puzzle","https://www.xwordinfo.com/Crossword?date=3/25/2021",""
"1616687234-173352","https://www.xwordinfo.com/Crossword?date=03/24/2021","","","","""Labor ___ vincit"" (Oklahoma's state motto) :"
"1616687240-173546","https://www.xwordinfo.com/Crossword?date=03/24/2021","","Next puzzle","https://www.xwordinfo.com/Crossword?date=3/25/2021","null"
"1616687234-173247","https://www.xwordinfo.com/Crossword?date=03/24/2021","","","","""Goodness gracious!"" :"
"1616687234-173229","https://www.xwordinfo.com/Crossword?date=03/24/2021","","","","Alternatives to windows? :"
"1616687240-173392","https://www.xwordinfo.com/Crossword?date=03/24/2021","null","Next puzzle","https://www.xwordinfo.com/Crossword?date=3/25/2021",""
"1616687234-173076","https://www.xwordinfo.com/Crossword?date=03/24/2021","null","","",""
"1616687240-173521","https://www.xwordinfo.com/Crossword?date=03/24/2021","","Next puzzle","https://www.xwordinfo.com/Crossword?date=3/25/2021","Standing above :"
"1616687234-173111","https://www.xwordinfo.com/Crossword?date=03/24/2021",": SETH","","",""
"1616687234-173278","https://www.xwordinfo.com/Crossword?date=03/24/2021","","","","null"
